Workbook

Sheet חישוב נפח
A1: חישוב נפח — אקספרסליין 2026
A2: מדידות בפועל: גליל design/פתוח 0.086 קוב; 7 גלילי RIB לבן טובולרי = 70×74×90 ס״מ; קרטון בגדים 60×40×40 ס״מ
A4: הנחות מדידה
A5: קוב לגליל פתוח / design | B5: 0.086 | C5: קוב | D5: 25 גלילי אפריל + 17 גלילי design במאי
A6: אורך חבילת 7 גלילי RIB לבן (מ׳) | B6: 0.7 | C6: מ׳ | D6: מדידה ל-7 גלילים ביחד, לא לגליל בודד
A7: רוחב חבילת 7 גלילי RIB לבן (מ׳) | B7: 0.74 | C7: מ׳
A8: גובה חבילת 7 גלילי RIB לבן (מ׳) | B8: 0.9 | C8: מ׳
A9: מספר גלילים במדידה | B9: 7 | C9: גלילים
A10: אורך קרטון בגדים (מ׳) | B10: 0.6 | C10: מ׳ | D10: משלוח עומר 9.9.2026
A11: רוחב קרטון בגדים (מ׳) | B11: 0.4 | C11: מ׳
A12: גובה קרטון בגדים (מ׳) | B12: 0.4 | C12: מ׳
A13: קוב ייחוס לבדים | B13: 280 | C13: $/קוב | D13: ממוצע אפריל 268 + מאי 289
A14: נפח 7 גלילי RIB לבן | B14: =B6*B7*B8 | C14: קוב | D14: 0.70 × 0.74 × 0.90
A15: קוב לגליל RIB לבן טובולרי | B15: =B14/B9 | C15: קוב | D15: ≈ 0.0666 קוב לגליל
A17: תאריך | B17: משלוח | C17: פירוט | D17: כמות | E17: יחידה | F17: מידות / בסיס | G17: קוב ליחידה | H17: קוב סה״כ | I17: ק״ג | J17: הערות
A18: 2026-04-09 | B18: בדים — גלילים פתוחים | C18: כל 25 הגלילים עם design / פתוחים | D18: 25 | E18: גליל | F18: 0.086 קוב לגליל (מדידה) | G18: =B5 | H18: =D18*G18 | I18: 502 | J18: packing list 30.03.2026; בדרישה נרשם 9 קוב (=9 יחידות)
A19: 2026-05-10 | B19: בדים — design | C19: הזמנות 97899 + 97898 (R-A1888) | D19: 17 | E19: גליל | F19: אותו נפח כמו גליל פתוח | G19: =B5 | H19: =D19*G19 | J19: 17 גלילים עם design מתוך 43
A20: 2026-05-10 | B20: בדים — RIB לבן טובולרי | C20: הזמנה 98697; מדידה ל-7 גלילים מייצגים | D20: 26 | E20: גליל | F20: 70×74×90 ס״מ ל-7 גלילים | G20: =B15 | H20: =D20*G20 | J20: לא לגליל בודד — הנפח הוא ל-7 גלילים ביחד
A21: 2026-05-10 | B21: סה״כ משלוח מאי | C21: 17 design + 26 לבן טובולרי | D21: =D19+D20 | E21: גליל | H21: =H19+H20 | I21: 804.1 | J21: packing list 14.5.2026 / דרישה #1581
A22: 2026-09-09 | B22: בגדים — קרטונים | C22: משלוח עומר 200/201/202 | D22: 53 | E22: קרטון | F22: 60 × 40 × 40 ס״מ | G22: =B10*B11*B12 | H22: =D22*G22 | J22: דרישה #2432 — 53 קרטונים × 42$
A24: סיכום נפח בפועל: אפריל 2.15 קוב (25×0.086) · מאי 3.19 קוב (1.462+1.732) · ספטמבר 5.09 קוב (53×0.096). בדרישת אפריל נרשם 9 קוב — זה מספר היחידות שחויבו (9×64$), לא הנפח האמיתי.

Sheet מחיר לקוב
A1: מחיר לקוב — אקספרסליין 2026
A2: הובלה בלבד (ללא שווי סחורה). מאי: בדרישה #1581 נרשם 1,720$ (43×40) — בפועל חויב 922$ (≈21.5$×43). ייחוס בדים ≈ 280 $/קוב.
A4: תאריך | B4: משלוח | C4: יחידות בדרישה | D4: $ ליחידה | E4: הובלה $ | F4: קוב בפועל | G4: $ לקוב לפני מע״מ | H4: $ לקוב כולל 18% | I4: ₪ לקוב לפני מע״מ | J4: ק״ג | K4: $ לק״ג | L4: ייחוס $/קוב | M4: הובלה צפויה $ | N4: פער $ | O4: שער ₪/$ | P4: הערות
A5: 2026-04-09 | B5: בדים — גלילים פתוחים | C5: 9 | D5: 64 | E5: =C5*D5 | F5: ='חישוב נפח'!H18 | G5: =E5/F5 | H5: =G5*1.18 | I5: =E5*O5/F5 | J5: 502 | K5: =E5/J5 | L5: ='חישוב נפח'!B13 | M5: =F5*L5 | N5: =E5-M5 | O5: 3.14 | P5: 9×64$ בדרישה; נפח אמיתי 2.15 קוב → 268 $/קוב, 1.15 $/ק״ג
A6: 2026-05-10 | B6: בדים — RIB (דרישה #1581) | C6: 43 | D6: 21.5 | E6: 922 | F6: ='חישוב נפח'!H21 | G6: =E6/F6 | H6: =G6*1.18 | I6: =E6*O6/F6 | J6: 804.1 | K6: =E6/J6 | L6: ='חישוב נפח'!B13 | M6: =F6*L6 | N6: =E6-M6 | O6: 3 | P6: בפועל 922$ (לא 1,720$ שבדרישה). 289 $/קוב, 1.15 $/ק״ג. 43×21.5=924.5 ≈ 922
A7: 2026-09-09 | B7: בגדים — קרטונים (#2432) | C7: 53 | D7: 42 | E7: =C7*D7 | F7: ='חישוב נפח'!H22 | G7: =E7/F7 | H7: =G7*1.18 | I7: =E7*O7/F7 | L7: ='חישוב נפח'!B13 | M7: =F7*L7 | N7: =E7-M7 | O7: 3.02 | P7: 42$ לקרטון = 437 $/קוב. לפי 280 $/קוב צפוי ~27$ לקרטון / ~1,425$. פער ~800$
B8: סה״כ הובלה $ | E8: =E5+E6+E7 | F8: =F5+F6+F7 | G8: =E8/F8 | M8: =M5+M6+M7 | N8: =N5+N6+N7 | P8: ממוצע משוקלל $/קוב על שלושת המשלוחים
A10: מה המספרים אומרים
A11: משלוחי הבדים (אפריל+מאי) יצאו כמעט אותו מחיר לק״ג (1.15 $/ק״ג) ולקוב (~268–289 $/קוב). סביר שאקספרסליין מתמחר בדים לפי משקל/נפח, לא לפי קרטון.
A12: במאי הדרישה #1581 רשמה 40$ לקרטון (1,720$) — זה היה טעות. החיוב בפועל 922$ מיישר את המחיר לקוב עם אפריל.
A13: משלוח הבגדים בספטמבר חויב 42$ לקרטון = 437 $/קוב — פי ~1.6 ממחיר הבדים לקוב. לפי 280 $/קוב קרטון 60×40×40 היה אמור לעלות ~27$, לא 42$.
A14: פער ספטמבר: 2,226$ ששולם מול ~1,425$ צפוי = כ-800$ (כ-2,400 ₪ בשער 3.02). שווה לברר מולם אם הבגדים מתומחרים אחרת מהבד.
A15: דרישת #1581 לאחר תיקון הובלה: בדים 5,533$ + הובלה 922$ = 6,455$ + מע״מ 18% = 7,616.90$ ≈ 22,850.70 ₪ (שער 3.00). המסמך המקורי עדיין מציג 8,558.54$.
